,Answer
Q1,"Sure, Abraham Lincoln was the 16th President of the United States."
Q2,"The context does not provide any information about whether Lincoln signed the National Banking Act of 1863, so I cannot answer this question from the provided context."
Q3,"The context does not provide any information about the death of Roosevelt's mother of pneumonia, so I cannot answer this question from the provided context."
Q4,"The context does not provide any information about the length of Lincoln's formal education, hence I cannot answer this question from the provided context."
Q5,"Sure, here's the answer:

According to the context, Lincoln began his political career in 1832 with an unsuccessful campaign for the Illinois General Assembly."
Q6,"Sure, here's an answer to the question:

The Legal Tender Act of 1862 established the United States Note, the first paper currency in the country's history. This act was done to increase the money supply to pay for fighting the war."
Q7,"The context does not specify who suggested Lincoln grow a beard, so I cannot answer this question from the provided context."
Q8,"The context does not provide any information about when the Gettysburg address argued that America was born, hence I cannot answer this question from the provided context."
Q9,"The context does not provide any information about whether Lincoln beat John C. Breckinridge in the 1860 election, so I cannot answer this question from the provided context."
Q10,"The context does not provide any relevant information about whether Abraham Lincoln was the first President of the United States, so I cannot answer this question from the provided context."
Q11,"Sure, Lincoln began his political career in 1832. The context states that he became a leader of the Illinois Whig party and served four successive terms in the Illinois House of Representatives in that year."
Q12,"The context does provide relevant information, so I can answer this question.

Yes, Lincoln represented the Alton & Sangamon Railroad in a dispute with a shareholder, James A. Barret."
Q13,"Lincoln was born in Hardin County, Kentucky.

The context provides the specific location of his birth in southeast Hardin County, Kentucky."
Q14,"The context does not provide any information about when Lincoln first served as President, hence I cannot answer this question from the provided context."
Q15,"The context does not provide information about who assassinated Abraham Lincoln, hence I cannot answer this question from the provided context."
Q16,"Sure, here's the answer to the question:

The context does provide relevant information about Abraham Lincoln's election in 1860, and he won the Republican Party nomination and secured 212 electoral votes out of 233."
Q17,"The context does not provide any information about the general in charge at the Battle of Antietam, hence I cannot answer this question from the provided context."
Q18,"The context does not provide any information about the reasons why Lincoln issued the Emancipation Proclamation, hence I cannot answer this question from the provided context."
Q19,"Sure, according to the context, scholars rank Lincoln among the top three presidents."
Q20,"The context does not provide any information about whether Lincoln had 18 months of schooling, so I cannot answer this question from the provided context."
Q21,"Sure, the context says that Abraham Lincoln was chosen as the Republican candidate for the 1860 presidential election."
Q22,"Lincoln was seven years old in 1816.

The context does not provide any other information about Lincoln's age in 1816."
Q23,The first photograph of Abraham Lincoln was taken by Shepherd in 1846.
Q24,"The context provides that Abraham Lincoln appeared before the Illinois State Supreme Court more than 400 times and was involved in more than 5,100 cases during his 23-year legal career."
Q25,"The context does not provide any information about the trail Lincoln used a Farmers' Almanac in, hence I cannot answer this question from the provided context."
Q26,"The context does not provide any information about whether Abraham Lincoln lived in the frontier, so I cannot answer this question from the provided context."
Q27,"The context does not provide any information about whether Lincoln's wife's family supported slavery. Therefore, I cannot answer this question from the provided context."
Q28,"According to the context, Lorenzo Romano Amedeo Carlo Avogadro is most noted for his contributions to the theory of molarity and molecular weight."
Q29,The context tells us that John Adams graduated in ecclesiastical law at the early age of 20 and began to practice.
Q30,"The context does not provide any information about when Alessandro Volta published another memoria, hence I cannot answer this question from the provided context."
Q31,"The context does not provide any information about when Wilson became a professor, so I cannot answer this question from the provided context."
Q32,"Sure, the context says that Avogadro became a professor of physics at the University of Turin in 1820."
Q33,"Sure, Lorenzo Romano Amedeo Carlo Avogadro was an Italian savant. He was born in Turin in 1776 and died in 1856. He was recognized as a great Italian chemist and is considered one of the greatest chemists of the 19th century."
Q34,"The context does not provide any information about whether Amedeo Avogadro was born in Turin August 9th 1776 to a noble ancient family of Piedmont, Italy."
Q35,"Sure, the context says that Lorenzo Romano Amedeo Carlo Avogadro is most noted for his contributions to the theory of molarity and molecular weight."
Q36,"The context does provide relevant information to answer the question. Therefore, the answer is: Yes, King Victor Emmanuel III was there to pay homage to Avogadro."
Q37,"Sure, the context says that Avogadro's number is commonly used to compute the results of chemical reactions."
Q38,"The context does not provide any information about whether the scientific community did not reserve great attention to Tesla's theory, so I cannot answer this question from the provided context."
Q39,"Sure, the title of the essay can be roughly translated into English as ""Essay on Determining the Relative Masses of the Elementary Particles of Bodies""."
Q40,"I couldn't find a good match in my knowledge base for your question, hence I answer based on my own knowledge."
Q41,Anders Celsius determined the dependence of the boiling point of water with atmospheric pressure.
Q42,"Sure, the name ""Tesla"" is named after Nikola Tesla, a renowned Serbian physicist and inventor."
Q43,"The context does not provide any information about when William Grant published a collection, so I cannot answer this question from the provided context."
Q44,"The context does not provide any information about whether Isaac Newton published a collection in 1738, so I cannot answer this question from the provided context."
Q45,"The context does not provide any information about the freezing point of a thermometer, so I cannot answer this question from the provided context."
Q46,"Sure, the context says that Anders Celsius was born in Uppsala, Sweden."
Q47,"Sure, Anders Celsius was a Swedish astronomer born in Uppsala in 1701 and died in 1744."
Q48,"The context does not provide any information about the Celsius crater on the Moon being named after Anders Celsius, so I cannot answer this question from the provided context."
Q49,"The context does not provide any information about who was the first to perform and publish careful experiments aiming at defining an international temperature scale on scientific grounds, hence I cannot answer this question from the provided context."
Q50,"The context does not provide any information about the Celsius crater on the Moon, so I cannot answer this question from the provided context."
